Employee_Name,EmpID,MarriedID,MaritalStatusID,GenderID,EmpStatusID,DeptID,PerfScoreID,FromDiversityJobFairID,PayRate,Termd,PositionID,Position,Department,ManagerName,ManagerID,RecruitmentSource,PerformanceScore,EngagementSurvey,EmpSatisfaction,SpecialProjectsCount,LastPerformanceReview_Date,DaysLateLast30,State,DOB,Zip
Employee_0,1000,1,3,0,1,2,1,0,23.754186503370917,1,24,Data Analyst,IT,Manager_A,8,Diversity Job Fair,PIP,2.8937422011058977,2,3,1/15/2019,2,NY,1980-01-01,01234
Employee_1,1001,1,2,0,3,5,4,0,39.56826228177964,1,7,Data Analyst,HR,Manager_B,7,LinkedIn,PIP,3.5011144486648647,4,6,1/15/2019,4,NY,1980-01-01,01234
Employee_2,1002,1,1,1,2,5,2,0,46.37892654004825,0,18,Sales,Sales,Manager_C,8,LinkedIn,PIP,3.8779043633509107,4,0,1/15/2019,1,TX,1980-01-01,01234
Employee_3,1003,0,0,0,3,3,3,1,20.53609512267124,1,2,HR Manager,IT,Manager_A,6,LinkedIn,PIP,1.1968355949553824,1,2,1/15/2019,0,CA,1980-01-01,01234
Employee_4,1004,0,0,1,3,2,3,1,23.518870786758896,0,27,Software Engineer,IT,Manager_B,5,Diversity Job Fair,Fully Meets,4.990999072484335,4,5,1/15/2019,1,NY,1980-01-01,01234
Employee_5,1005,1,2,0,3,3,3,0,57.06313423929858,0,20,Sales,Admin,Manager_C,7,Diversity Job Fair,PIP,1.9411702968027864,3,7,1/15/2019,1,TX,1980-01-01,01234
Employee_6,1006,0,2,0,1,3,1,1,29.092447813415234,0,9,Data Analyst,Admin,Manager_A,4,Diversity Job Fair,Fully Meets,4.662847810892938,2,8,1/15/2019,4,NY,1980-01-01,01234
Employee_7,1007,0,1,1,1,6,4,1,35.211903907794465,1,14,Sales,Sales,Manager_B,8,LinkedIn,PIP,3.4731913919450292,2,3,1/15/2019,0,NY,1980-01-01,01234
Employee_8,1008,0,3,1,2,5,2,0,15.56616668966098,0,18,Software Engineer,Sales,Manager_C,8,LinkedIn,PIP,1.2437193379581237,1,0,1/15/2019,0,NY,1980-01-01,01234
Employee_9,1009,1,2,1,2,5,2,1,45.69111301335076,0,8,Sales,HR,Manager_A,8,Diversity Job Fair,Fully Meets,1.6589398111410425,4,9,1/15/2019,1,NY,1980-01-01,01234
Employee_10,1010,0,2,0,3,3,4,1,28.660057271187995,0,15,Software Engineer,HR,Manager_B,5,LinkedIn,Fully Meets,4.836710044045692,2,3,1/15/2019,0,TX,1980-01-01,01234
Employee_11,1011,0,2,0,2,1,3,0,36.149187436524315,0,11,HR Manager,IT,Manager_C,5,Indeed,PIP,2.9923530204814837,4,6,1/15/2019,1,MA,1980-01-01,01234
Employee_12,1012,0,2,0,3,5,1,1,19.43810820549028,0,22,Sales,IT,Manager_A,9,Diversity Job Fair,Exceeds,3.203823481753281,1,4,1/15/2019,2,NY,1980-01-01,01234
Employee_13,1013,1,2,1,4,3,4,1,42.82546656731364,0,15,HR Manager,IT,Manager_B,5,Diversity Job Fair,PIP,4.6126197490325085,4,9,1/15/2019,4,TX,1980-01-01,01234
Employee_14,1014,1,3,0,2,5,2,1,36.172646765083286,0,23,HR Manager,IT,Manager_C,8,LinkedIn,Exceeds,1.9675670212424228,5,7,1/15/2019,1,TX,1980-01-01,01234
Employee_15,1015,1,1,1,1,4,2,0,15.733790658476366,0,17,Data Analyst,IT,Manager_A,4,Indeed,Exceeds,1.1743746514050724,2,8,1/15/2019,4,CA,1980-01-01,01234
Employee_16,1016,0,2,0,1,6,3,1,52.53177197761188,0,2,Software Engineer,HR,Manager_B,8,LinkedIn,PIP,3.273908675946721,1,1,1/15/2019,4,NY,1980-01-01,01234
Employee_17,1017,1,0,0,3,1,2,0,45.36114011594033,0,16,HR Manager,HR,Manager_C,5,Diversity Job Fair,Exceeds,2.40041732697343,2,3,1/15/2019,2,NY,1980-01-01,01234
Employee_18,1018,1,3,1,3,3,4,1,55.798235859021915,1,7,Software Engineer,Admin,Manager_A,1,LinkedIn,PIP,1.307925253777332,2,9,1/15/2019,1,NY,1980-01-01,01234
Employee_19,1019,1,3,0,2,1,4,0,38.683356695138954,1,1,Sales,IT,Manager_B,2,Diversity Job Fair,Fully Meets,3.3217294923949714,4,2,1/15/2019,4,CA,1980-01-01,01234
Employee_20,1020,0,1,0,3,5,4,1,24.63913628590469,0,22,Data Analyst,Admin,Manager_C,1,Indeed,Fully Meets,1.6092673669281727,3,1,1/15/2019,4,CA,1980-01-01,01234
Employee_21,1021,0,2,1,4,6,1,0,42.44296679938668,0,24,Data Analyst,Admin,Manager_A,8,Indeed,Exceeds,1.6497421475825638,1,1,1/15/2019,3,MA,1980-01-01,01234
Employee_22,1022,1,2,0,1,5,2,0,34.535033394753555,1,4,Data Analyst,Sales,Manager_B,9,Diversity Job Fair,Fully Meets,1.6004860413354662,2,5,1/15/2019,4,CA,1980-01-01,01234
Employee_23,1023,1,2,1,4,1,2,0,48.22717677561211,0,26,Software Engineer,Sales,Manager_C,7,Diversity Job Fair,PIP,1.6888091974065347,2,9,1/15/2019,4,CA,1980-01-01,01234
Employee_24,1024,0,0,0,4,1,1,1,33.51437068221729,0,1,Sales,Sales,Manager_A,3,Diversity Job Fair,Exceeds,4.677701281604506,2,4,1/15/2019,4,MA,1980-01-01,01234
Employee_25,1025,0,2,0,4,1,4,0,49.811464794709075,0,21,Software Engineer,Sales,Manager_B,4,Diversity Job Fair,Exceeds,2.3848503649459425,1,2,1/15/2019,1,CA,1980-01-01,01234
Employee_26,1026,0,1,0,3,3,2,0,40.09826256958796,0,21,Data Analyst,HR,Manager_C,8,Diversity Job Fair,Fully Meets,4.808789219018579,1,5,1/15/2019,2,NY,1980-01-01,01234
Employee_27,1027,1,0,0,3,4,1,1,18.714431664873697,0,4,Sales,IT,Manager_A,5,LinkedIn,PIP,2.4701458527929816,5,3,1/15/2019,0,MA,1980-01-01,01234
Employee_28,1028,1,1,1,3,1,3,0,42.48928904782417,1,13,Sales,HR,Manager_B,7,LinkedIn,Exceeds,4.228101352993676,5,2,1/15/2019,3,TX,1980-01-01,01234
Employee_29,1029,1,1,1,4,4,4,1,22.319893065409456,0,26,Software Engineer,Sales,Manager_C,4,Diversity Job Fair,PIP,3.63423828934694,2,6,1/15/2019,3,TX,1980-01-01,01234
Employee_30,1030,1,2,0,4,1,1,0,40.02431370331368,0,3,Sales,Admin,Manager_A,1,LinkedIn,Fully Meets,1.509509825616079,4,8,1/15/2019,2,MA,1980-01-01,01234
Employee_31,1031,1,0,1,1,5,3,1,48.467955736914426,1,1,Data Analyst,Sales,Manager_B,9,Indeed,Fully Meets,4.312039767385441,1,3,1/15/2019,3,NY,1980-01-01,01234
Employee_32,1032,1,2,0,2,4,2,1,23.620188456035663,0,2,HR Manager,Sales,Manager_C,2,Indeed,Exceeds,4.020410837952363,5,9,1/15/2019,1,TX,1980-01-01,01234
Employee_33,1033,1,3,0,1,3,2,0,54.562039296032566,0,21,Data Analyst,IT,Manager_A,3,LinkedIn,Fully Meets,3.392790479121639,3,4,1/15/2019,2,CA,1980-01-01,01234
Employee_34,1034,1,3,1,3,3,1,0,45.37640342536376,0,23,Software Engineer,Admin,Manager_B,3,Diversity Job Fair,PIP,4.65844603945824,4,5,1/15/2019,4,MA,1980-01-01,01234
Employee_35,1035,0,3,0,3,2,2,0,16.181581732450674,1,1,Data Analyst,Admin,Manager_C,5,LinkedIn,Fully Meets,1.7009567606854743,2,3,1/15/2019,0,MA,1980-01-01,01234
Employee_36,1036,0,0,1,4,5,2,1,36.86499117237358,0,20,Sales,Admin,Manager_A,2,LinkedIn,Exceeds,4.178794365372841,3,7,1/15/2019,2,NY,1980-01-01,01234
Employee_37,1037,1,2,0,4,5,2,1,36.678124009111635,0,7,Sales,IT,Manager_B,3,LinkedIn,PIP,4.464056123853365,2,0,1/15/2019,3,MA,1980-01-01,01234
Employee_38,1038,0,3,1,1,3,3,0,48.26785468105995,0,25,Sales,Sales,Manager_C,1,Diversity Job Fair,PIP,1.0529948178067587,2,5,1/15/2019,0,TX,1980-01-01,01234
Employee_39,1039,0,3,0,2,5,3,1,25.33554683834747,0,5,Sales,Sales,Manager_A,6,LinkedIn,Exceeds,1.4086431322611035,2,6,1/15/2019,4,CA,1980-01-01,01234
Employee_40,1040,1,3,0,4,1,3,1,20.750948235444582,0,28,Sales,IT,Manager_B,1,LinkedIn,PIP,4.877964844484197,1,4,1/15/2019,4,MA,1980-01-01,01234
Employee_41,1041,1,3,1,1,2,3,1,58.676339140281605,0,15,HR Manager,IT,Manager_C,7,LinkedIn,Exceeds,1.497842291041378,2,2,1/15/2019,4,MA,1980-01-01,01234
Employee_42,1042,1,0,0,2,5,1,0,46.5065369934683,0,20,Sales,HR,Manager_A,3,Indeed,Fully Meets,4.668597727999428,1,3,1/15/2019,3,MA,1980-01-01,01234
Employee_43,1043,0,2,1,1,5,3,1,54.52906056473843,1,1,Sales,IT,Manager_B,6,Indeed,Fully Meets,3.560129050123862,4,7,1/15/2019,4,MA,1980-01-01,01234
Employee_44,1044,0,1,1,4,4,1,0,19.596688644111325,1,24,HR Manager,Sales,Manager_C,2,Indeed,PIP,4.50943975486267,4,5,1/15/2019,0,TX,1980-01-01,01234
Employee_45,1045,0,2,0,3,2,2,1,58.98218500037891,1,9,Software Engineer,Admin,Manager_A,2,Indeed,Exceeds,2.1974901668413365,1,6,1/15/2019,1,NY,1980-01-01,01234
Employee_46,1046,1,1,0,4,5,1,0,29.12295503404581,0,10,HR Manager,HR,Manager_B,2,Indeed,Exceeds,4.489873929612364,4,1,1/15/2019,0,CA,1980-01-01,01234
Employee_47,1047,1,2,1,3,1,1,1,35.42752657502938,0,20,Software Engineer,IT,Manager_C,2,LinkedIn,PIP,3.3589058836137657,3,2,1/15/2019,3,NY,1980-01-01,01234
Employee_48,1048,0,2,0,3,3,4,1,48.960980260414054,0,14,Software Engineer,Sales,Manager_A,6,Diversity Job Fair,Exceeds,3.5339108826135264,2,8,1/15/2019,1,TX,1980-01-01,01234
Employee_49,1049,0,3,0,2,5,2,1,41.73602722686415,1,28,HR Manager,Admin,Manager_B,3,Diversity Job Fair,PIP,4.544896952559423,1,1,1/15/2019,0,MA,1980-01-01,01234
Employee_50,1050,1,1,1,1,1,4,0,59.19213072179828,1,14,Data Analyst,HR,Manager_C,6,Diversity Job Fair,PIP,2.457102839099172,3,5,1/15/2019,3,MA,1980-01-01,01234
Employee_51,1051,1,1,1,2,4,1,1,41.69378579718304,0,6,Data Analyst,IT,Manager_A,7,Indeed,PIP,4.579167773141403,5,4,1/15/2019,1,TX,1980-01-01,01234
Employee_52,1052,0,2,0,1,2,4,0,28.45226720759883,1,14,Data Analyst,IT,Manager_B,6,Indeed,PIP,2.130017635202578,5,0,1/15/2019,4,CA,1980-01-01,01234
Employee_53,1053,0,2,1,4,2,2,0,53.624426543053445,0,3,Data Analyst,Sales,Manager_C,8,LinkedIn,PIP,4.391218033327789,2,5,1/15/2019,4,CA,1980-01-01,01234
Employee_54,1054,0,0,0,3,2,1,1,18.18967886799981,0,19,HR Manager,Admin,Manager_A,2,Indeed,Fully Meets,4.39453488876512,3,7,1/15/2019,4,MA,1980-01-01,01234
Employee_55,1055,1,0,0,3,2,1,1,59.894353104665306,0,26,HR Manager,IT,Manager_B,8,Indeed,Exceeds,4.930059618828987,4,3,1/15/2019,1,TX,1980-01-01,01234
Employee_56,1056,0,1,1,4,6,1,1,35.37952557322757,0,26,Sales,HR,Manager_C,6,LinkedIn,PIP,2.0027093802352143,4,1,1/15/2019,4,MA,1980-01-01,01234
Employee_57,1057,0,2,1,4,4,2,1,16.718262486215203,1,25,HR Manager,Admin,Manager_A,3,Diversity Job Fair,Fully Meets,2.3615899851581466,3,1,1/15/2019,1,CA,1980-01-01,01234
Employee_58,1058,0,2,1,1,5,1,1,31.049785685551832,0,13,HR Manager,Admin,Manager_B,1,Diversity Job Fair,Exceeds,4.453757359383115,2,0,1/15/2019,4,NY,1980-01-01,01234
Employee_59,1059,1,0,0,3,4,1,0,45.12395712236696,1,10,Sales,HR,Manager_C,1,Indeed,PIP,1.8980569267068859,2,0,1/15/2019,2,NY,1980-01-01,01234
Employee_60,1060,0,3,1,2,3,3,0,25.87069580225127,0,27,Data Analyst,HR,Manager_A,9,Indeed,PIP,4.6756359086680614,2,2,1/15/2019,4,MA,1980-01-01,01234
Employee_61,1061,1,0,1,1,3,1,1,40.68849162064468,0,18,HR Manager,IT,Manager_B,5,LinkedIn,Fully Meets,1.3275502573292552,2,8,1/15/2019,4,MA,1980-01-01,01234
Employee_62,1062,0,3,0,2,4,2,1,32.58528417682799,1,29,Sales,Sales,Manager_C,7,LinkedIn,Fully Meets,1.2850930975714898,4,2,1/15/2019,2,MA,1980-01-01,01234
Employee_63,1063,0,0,0,1,2,4,1,39.80785126299139,0,11,Data Analyst,Sales,Manager_A,6,Diversity Job Fair,Exceeds,4.705176113845623,2,9,1/15/2019,3,TX,1980-01-01,01234
Employee_64,1064,0,1,1,3,1,1,0,50.7989690939462,0,23,Software Engineer,Admin,Manager_B,2,Diversity Job Fair,PIP,1.4239729771687304,3,6,1/15/2019,3,NY,1980-01-01,01234
Employee_65,1065,0,1,0,4,4,1,0,59.572278571774504,1,6,HR Manager,Admin,Manager_C,2,Diversity Job Fair,PIP,4.401734494064911,2,8,1/15/2019,1,MA,1980-01-01,01234
Employee_66,1066,0,2,1,3,1,1,1,39.14201504856543,0,19,Sales,Admin,Manager_A,1,LinkedIn,Fully Meets,1.900577106914978,5,3,1/15/2019,0,NY,1980-01-01,01234
Employee_67,1067,0,2,1,2,3,1,0,50.58303672378065,0,1,HR Manager,IT,Manager_B,5,LinkedIn,Exceeds,1.565715407178562,1,6,1/15/2019,4,TX,1980-01-01,01234
Employee_68,1068,0,1,1,2,5,2,1,29.69950376325086,0,1,Data Analyst,Admin,Manager_C,7,Diversity Job Fair,PIP,3.674381983030729,2,9,1/15/2019,3,MA,1980-01-01,01234
Employee_69,1069,1,0,0,3,6,2,0,49.360725603282695,0,14,Data Analyst,IT,Manager_A,8,Indeed,Fully Meets,2.887543778154627,3,8,1/15/2019,0,CA,1980-01-01,01234
Employee_70,1070,1,2,0,1,5,4,1,15.225045571881388,1,6,HR Manager,Admin,Manager_B,9,LinkedIn,Fully Meets,3.2212766876346697,2,8,1/15/2019,0,MA,1980-01-01,01234
Employee_71,1071,0,0,1,1,5,3,0,47.0303632332567,0,11,Sales,IT,Manager_C,9,Indeed,Exceeds,3.3711689358428902,3,5,1/15/2019,4,TX,1980-01-01,01234
Employee_72,1072,1,1,1,3,1,3,0,56.90507258752082,0,13,HR Manager,IT,Manager_A,6,Diversity Job Fair,PIP,1.2090070793459589,5,1,1/15/2019,4,TX,1980-01-01,01234
Employee_73,1073,1,3,1,1,4,1,0,35.03953941794943,0,29,HR Manager,HR,Manager_B,4,Indeed,Exceeds,3.6496736844861637,2,7,1/15/2019,1,TX,1980-01-01,01234
Employee_74,1074,1,0,0,4,6,3,0,35.12467961013475,1,2,Data Analyst,Admin,Manager_C,3,Indeed,PIP,2.62788403303097,5,8,1/15/2019,4,TX,1980-01-01,01234
Employee_75,1075,0,1,1,2,5,2,1,29.423132846524148,0,20,Sales,HR,Manager_A,5,Indeed,Exceeds,3.403216568260975,4,2,1/15/2019,3,CA,1980-01-01,01234
Employee_76,1076,1,2,0,1,4,2,1,55.44517354871523,0,28,Software Engineer,Sales,Manager_B,8,LinkedIn,Fully Meets,2.9017836558648975,4,7,1/15/2019,3,NY,1980-01-01,01234
Employee_77,1077,0,1,1,4,4,3,1,19.43269274808086,1,26,HR Manager,Sales,Manager_C,9,Diversity Job Fair,Fully Meets,4.749248830042666,2,4,1/15/2019,0,NY,1980-01-01,01234
Employee_78,1078,0,3,0,1,2,4,1,22.154991327232008,1,6,Software Engineer,Admin,Manager_A,8,Diversity Job Fair,Fully Meets,1.1489132165929554,2,6,1/15/2019,1,TX,1980-01-01,01234
Employee_79,1079,0,0,1,4,6,2,1,16.382496279313326,0,23,Software Engineer,IT,Manager_B,7,Indeed,Exceeds,4.444747215355253,4,9,1/15/2019,1,TX,1980-01-01,01234
Employee_80,1080,1,2,0,4,2,3,0,39.40384471394576,1,10,Software Engineer,Admin,Manager_C,8,Indeed,Exceeds,3.70488454083833,3,1,1/15/2019,1,MA,1980-01-01,01234
Employee_81,1081,0,1,0,1,3,1,0,25.060963284900637,1,3,Data Analyst,IT,Manager_A,5,Diversity Job Fair,Exceeds,2.868694360928049,3,0,1/15/2019,0,CA,1980-01-01,01234
Employee_82,1082,1,3,1,2,5,4,1,19.230485642354246,0,22,HR Manager,Admin,Manager_B,5,Diversity Job Fair,PIP,4.703690475659469,3,1,1/15/2019,1,CA,1980-01-01,01234
Employee_83,1083,0,3,1,1,4,3,0,31.715412514093543,0,19,Data Analyst,Admin,Manager_C,5,Diversity Job Fair,Fully Meets,3.7662130506437514,4,8,1/15/2019,1,CA,1980-01-01,01234
Employee_84,1084,1,0,1,3,4,2,1,34.35502765208126,0,27,Software Engineer,HR,Manager_A,6,Diversity Job Fair,Exceeds,2.3990331041667075,3,9,1/15/2019,1,NY,1980-01-01,01234
Employee_85,1085,1,1,0,4,1,4,1,37.84849308940355,1,3,Data Analyst,Admin,Manager_B,9,Diversity Job Fair,Exceeds,4.147623042546581,5,7,1/15/2019,0,CA,1980-01-01,01234
Employee_86,1086,0,1,0,2,2,1,0,21.862360373130098,0,1,HR Manager,IT,Manager_C,6,Diversity Job Fair,PIP,3.4062613010984593,2,6,1/15/2019,4,CA,1980-01-01,01234
Employee_87,1087,0,1,0,3,2,3,1,40.154901104026024,1,10,Sales,Admin,Manager_A,2,Diversity Job Fair,Fully Meets,1.3118597223119108,5,6,1/15/2019,0,TX,1980-01-01,01234
Employee_88,1088,1,1,1,1,6,4,1,56.09957908865273,0,18,HR Manager,Sales,Manager_B,3,LinkedIn,Exceeds,3.908797499475475,5,3,1/15/2019,3,NY,1980-01-01,01234
Employee_89,1089,1,0,1,1,1,2,1,58.5113776574358,1,11,Software Engineer,Admin,Manager_C,7,LinkedIn,Fully Meets,3.1704066543399487,2,1,1/15/2019,0,NY,1980-01-01,01234
Employee_90,1090,1,0,1,3,1,3,0,54.139398483041916,0,13,HR Manager,Admin,Manager_A,1,Diversity Job Fair,PIP,2.027891797838624,4,5,1/15/2019,4,CA,1980-01-01,01234
Employee_91,1091,1,2,1,2,3,3,1,38.038293548223315,1,13,HR Manager,Admin,Manager_B,1,Indeed,Exceeds,3.481663886648466,5,1,1/15/2019,3,TX,1980-01-01,01234
Employee_92,1092,1,0,1,3,1,4,1,42.86337408905661,0,26,Data Analyst,HR,Manager_C,6,LinkedIn,Fully Meets,1.2929707458408841,3,3,1/15/2019,3,CA,1980-01-01,01234
Employee_93,1093,1,1,1,3,5,1,0,49.661351338094086,0,19,Data Analyst,IT,Manager_A,6,LinkedIn,Exceeds,4.394594237362563,4,0,1/15/2019,2,NY,1980-01-01,01234
Employee_94,1094,0,3,0,2,6,4,1,38.806409096659294,1,16,Data Analyst,Admin,Manager_B,4,Indeed,Exceeds,3.9219972935174487,2,9,1/15/2019,1,MA,1980-01-01,01234
Employee_95,1095,0,3,0,4,1,1,0,50.32514884028634,0,17,Software Engineer,Sales,Manager_C,8,Indeed,Exceeds,2.9620332675434393,4,7,1/15/2019,4,CA,1980-01-01,01234
Employee_96,1096,1,3,0,2,3,2,0,58.443721362876076,0,8,Software Engineer,IT,Manager_A,9,Diversity Job Fair,Exceeds,4.308414376263117,5,0,1/15/2019,3,MA,1980-01-01,01234
Employee_97,1097,0,0,1,3,3,3,1,31.74738584719519,0,21,Sales,HR,Manager_B,5,LinkedIn,PIP,1.6738723023193782,4,5,1/15/2019,3,NY,1980-01-01,01234
Employee_98,1098,1,1,1,4,4,4,1,32.48073723202764,1,5,Sales,Sales,Manager_C,7,Diversity Job Fair,Exceeds,1.4835530270902946,3,3,1/15/2019,0,TX,1980-01-01,01234
Employee_99,1099,0,3,0,3,1,2,0,56.555826366146256,0,17,Data Analyst,HR,Manager_A,3,Diversity Job Fair,Fully Meets,4.775760913909549,2,3,1/15/2019,0,CA,1980-01-01,01234
Employee_100,1100,0,2,0,2,1,2,0,40.2298500985608,0,22,Data Analyst,IT,Manager_B,8,Indeed,Fully Meets,2.624184960866604,3,0,1/15/2019,0,MA,1980-01-01,01234
Employee_101,1101,0,1,1,2,3,1,1,37.49251532867467,1,13,Software Engineer,HR,Manager_C,8,Diversity Job Fair,PIP,3.067565269269649,4,2,1/15/2019,2,TX,1980-01-01,01234
Employee_102,1102,0,3,1,2,3,3,0,41.535645421482556,0,1,Sales,Admin,Manager_A,8,LinkedIn,Fully Meets,2.600803268798985,5,2,1/15/2019,4,TX,1980-01-01,01234
Employee_103,1103,1,1,1,4,5,2,1,46.893838080529974,1,13,Data Analyst,Sales,Manager_B,7,Diversity Job Fair,Exceeds,1.7581969981934904,2,6,1/15/2019,3,CA,1980-01-01,01234
Employee_104,1104,1,0,0,3,1,4,0,33.62037757615404,1,24,Software Engineer,Sales,Manager_C,1,Diversity Job Fair,PIP,2.3111468675802147,1,1,1/15/2019,0,MA,1980-01-01,01234
Employee_105,1105,1,2,0,3,4,3,0,27.10755418117401,0,3,Sales,IT,Manager_A,8,Indeed,Fully Meets,4.454759562467658,1,8,1/15/2019,4,TX,1980-01-01,01234
Employee_106,1106,0,0,0,2,2,1,0,40.01981328880487,0,13,Sales,HR,Manager_B,2,Diversity Job Fair,PIP,2.454786859336261,2,3,1/15/2019,1,MA,1980-01-01,01234
Employee_107,1107,1,3,0,4,1,4,1,58.57972601840181,1,28,Data Analyst,IT,Manager_C,8,Diversity Job Fair,PIP,2.4521812006121597,4,9,1/15/2019,0,CA,1980-01-01,01234
Employee_108,1108,1,0,1,2,4,1,0,53.2267695597255,0,24,HR Manager,Admin,Manager_A,7,Indeed,Exceeds,1.8011382264869615,3,0,1/15/2019,3,NY,1980-01-01,01234
Employee_109,1109,1,0,0,1,6,1,0,53.14235783731414,1,12,Data Analyst,Sales,Manager_B,3,Indeed,PIP,4.3870251410391905,4,0,1/15/2019,1,TX,1980-01-01,01234
Employee_110,1110,0,3,1,2,5,1,0,21.172604953961645,0,14,Software Engineer,Admin,Manager_C,9,Indeed,Fully Meets,2.946795752322565,3,3,1/15/2019,2,CA,1980-01-01,01234
Employee_111,1111,0,0,1,3,5,4,1,58.69281301297586,1,19,Software Engineer,HR,Manager_A,6,LinkedIn,PIP,3.84087410804274,5,6,1/15/2019,2,CA,1980-01-01,01234
Employee_112,1112,1,1,1,2,1,4,1,53.60598797988053,0,25,Software Engineer,Admin,Manager_B,6,Diversity Job Fair,PIP,4.481529971332519,3,0,1/15/2019,4,MA,1980-01-01,01234
Employee_113,1113,0,2,1,2,2,4,1,27.765317701982244,0,18,Software Engineer,IT,Manager_C,7,LinkedIn,PIP,3.932455492360545,1,1,1/15/2019,4,NY,1980-01-01,01234
Employee_114,1114,0,2,0,3,1,3,1,32.654820658735694,0,18,Sales,IT,Manager_A,2,Indeed,Fully Meets,4.64726231852886,5,2,1/15/2019,2,TX,1980-01-01,01234
Employee_115,1115,1,3,0,1,5,4,0,57.10389950785775,0,1,Software Engineer,Admin,Manager_B,2,Diversity Job Fair,Exceeds,3.168504197790367,1,8,1/15/2019,4,CA,1980-01-01,01234
Employee_116,1116,1,1,0,3,4,3,0,38.44332393645253,0,26,Sales,Admin,Manager_C,5,Indeed,Exceeds,1.7994954639599867,4,7,1/15/2019,3,MA,1980-01-01,01234
Employee_117,1117,1,1,1,4,3,4,1,34.67400828879007,1,29,Data Analyst,Sales,Manager_A,5,LinkedIn,PIP,1.0855970582162597,2,4,1/15/2019,2,CA,1980-01-01,01234
Employee_118,1118,1,3,1,3,1,4,1,18.369377522485912,1,11,Sales,IT,Manager_B,4,LinkedIn,Fully Meets,2.8084151481886583,1,9,1/15/2019,3,MA,1980-01-01,01234
Employee_119,1119,0,3,0,1,3,3,0,33.30284656125388,1,1,HR Manager,Admin,Manager_C,7,LinkedIn,Fully Meets,1.6587307423450421,2,6,1/15/2019,1,NY,1980-01-01,01234
Employee_120,1120,1,2,0,4,6,1,0,21.082955427276875,1,5,Data Analyst,Admin,Manager_A,5,Indeed,Fully Meets,2.1024198555695643,5,5,1/15/2019,4,TX,1980-01-01,01234
Employee_121,1121,1,2,0,4,4,2,1,36.997635915510486,0,27,Sales,HR,Manager_B,3,Indeed,Exceeds,1.5947508180514758,3,3,1/15/2019,0,NY,1980-01-01,01234
Employee_122,1122,1,2,1,1,3,3,1,23.826090271109706,0,17,Software Engineer,HR,Manager_C,1,Indeed,Fully Meets,1.4724962654021776,4,8,1/15/2019,0,TX,1980-01-01,01234
Employee_123,1123,1,2,1,2,5,4,0,30.682377009152923,0,19,Data Analyst,IT,Manager_A,5,Indeed,PIP,2.9809708660133256,4,1,1/15/2019,0,NY,1980-01-01,01234
Employee_124,1124,1,1,0,2,6,4,1,26.60020802257217,0,17,Software Engineer,HR,Manager_B,6,Diversity Job Fair,Fully Meets,1.915299705284423,4,9,1/15/2019,4,MA,1980-01-01,01234
Employee_125,1125,0,2,1,3,6,2,0,20.821902913688415,0,25,HR Manager,Sales,Manager_C,2,Diversity Job Fair,Exceeds,1.8213784900643697,1,0,1/15/2019,0,CA,1980-01-01,01234
Employee_126,1126,1,0,0,2,4,3,0,56.59191105784887,0,8,Software Engineer,IT,Manager_A,6,Indeed,Exceeds,1.2534444792863284,4,6,1/15/2019,1,TX,1980-01-01,01234
Employee_127,1127,0,3,1,2,1,1,0,41.81435665114971,1,2,Software Engineer,Admin,Manager_B,4,Indeed,Fully Meets,1.4010210284820364,5,4,1/15/2019,0,CA,1980-01-01,01234
Employee_128,1128,0,0,0,1,4,3,1,41.13916917245232,1,15,Data Analyst,Sales,Manager_C,6,Diversity Job Fair,Fully Meets,3.4919490089023437,4,6,1/15/2019,1,MA,1980-01-01,01234
Employee_129,1129,1,2,0,4,3,3,0,45.594679291776245,0,12,HR Manager,IT,Manager_A,4,Diversity Job Fair,PIP,1.6793684417108294,1,4,1/15/2019,2,NY,1980-01-01,01234
Employee_130,1130,1,0,1,1,1,2,0,43.53214502986105,0,4,Sales,HR,Manager_B,2,Diversity Job Fair,Exceeds,2.38939009202042,2,6,1/15/2019,1,NY,1980-01-01,01234
Employee_131,1131,1,0,0,2,1,3,1,42.462887637279785,0,11,HR Manager,Sales,Manager_C,6,Diversity Job Fair,Exceeds,3.971467763780313,3,1,1/15/2019,1,CA,1980-01-01,01234
Employee_132,1132,0,3,0,4,2,3,0,29.897635652431273,0,3,HR Manager,Admin,Manager_A,8,Diversity Job Fair,Exceeds,4.872186628821591,5,6,1/15/2019,2,MA,1980-01-01,01234
Employee_133,1133,1,1,0,4,1,3,1,33.673271769634965,1,25,Software Engineer,HR,Manager_B,5,Diversity Job Fair,PIP,4.182862803082427,3,5,1/15/2019,1,NY,1980-01-01,01234
Employee_134,1134,1,3,0,3,2,4,0,33.5225349378163,1,29,Data Analyst,Admin,Manager_C,1,LinkedIn,Exceeds,2.427525552924976,4,3,1/15/2019,3,NY,1980-01-01,01234
Employee_135,1135,0,3,1,3,5,4,0,58.35658019686073,0,20,HR Manager,IT,Manager_A,4,LinkedIn,PIP,3.0062971458876624,2,0,1/15/2019,2,NY,1980-01-01,01234
Employee_136,1136,1,1,1,4,3,2,0,30.319010771449392,0,15,Software Engineer,Sales,Manager_B,7,LinkedIn,Fully Meets,4.327423970753172,1,3,1/15/2019,1,NY,1980-01-01,01234
Employee_137,1137,0,0,1,2,5,3,0,41.84614023028511,0,16,HR Manager,Sales,Manager_C,2,Diversity Job Fair,PIP,2.6704612089105244,4,8,1/15/2019,0,TX,1980-01-01,01234
Employee_138,1138,1,0,0,3,6,1,1,20.24495597457127,0,17,HR Manager,Admin,Manager_A,1,Diversity Job Fair,PIP,4.383880817987672,1,9,1/15/2019,1,TX,1980-01-01,01234
Employee_139,1139,1,2,1,2,2,1,1,42.58544926164227,1,8,HR Manager,HR,Manager_B,2,LinkedIn,Fully Meets,4.310042728111042,5,4,1/15/2019,0,CA,1980-01-01,01234
Employee_140,1140,1,2,1,1,2,2,1,53.72027859118941,0,2,Sales,Sales,Manager_C,7,LinkedIn,Fully Meets,4.152997408261875,3,1,1/15/2019,0,TX,1980-01-01,01234
Employee_141,1141,1,0,0,4,2,1,0,48.400346710606634,0,5,Sales,Sales,Manager_A,9,LinkedIn,PIP,3.4813601487372012,1,1,1/15/2019,0,CA,1980-01-01,01234
Employee_142,1142,0,2,1,2,6,2,0,57.5878078275901,1,27,HR Manager,Sales,Manager_B,6,Diversity Job Fair,Exceeds,2.211843385440593,2,8,1/15/2019,3,NY,1980-01-01,01234
Employee_143,1143,0,0,1,2,3,2,0,56.897942865770354,0,5,Sales,IT,Manager_C,3,Diversity Job Fair,PIP,3.9614787987704965,1,3,1/15/2019,1,CA,1980-01-01,01234
Employee_144,1144,0,0,1,2,6,3,1,38.084443174921645,0,22,Data Analyst,HR,Manager_A,9,Diversity Job Fair,Fully Meets,2.6943240889416384,2,7,1/15/2019,3,TX,1980-01-01,01234
Employee_145,1145,1,1,0,4,4,1,0,40.88157514747364,1,8,Software Engineer,Sales,Manager_B,2,Diversity Job Fair,PIP,2.526845617624912,1,3,1/15/2019,2,MA,1980-01-01,01234
Employee_146,1146,1,1,1,3,1,2,0,53.692015445527446,0,13,Software Engineer,IT,Manager_C,9,Indeed,Exceeds,2.836422750462131,2,3,1/15/2019,3,CA,1980-01-01,01234
Employee_147,1147,1,3,1,3,6,1,0,28.54629306562981,0,3,Software Engineer,Admin,Manager_A,1,LinkedIn,Exceeds,3.045767708951293,3,8,1/15/2019,3,MA,1980-01-01,01234
Employee_148,1148,0,3,1,3,5,1,0,57.93539140110441,1,10,HR Manager,Admin,Manager_B,1,Indeed,Fully Meets,3.3616451692773026,4,8,1/15/2019,3,MA,1980-01-01,01234
Employee_149,1149,1,1,1,3,1,4,0,42.79401475812918,1,26,Sales,Admin,Manager_C,5,Diversity Job Fair,PIP,4.270192351720845,4,6,1/15/2019,1,CA,1980-01-01,01234
Employee_150,1150,1,3,1,1,4,4,0,29.3438693823362,0,5,HR Manager,Admin,Manager_A,6,Diversity Job Fair,Exceeds,3.3768933019663026,5,1,1/15/2019,0,MA,1980-01-01,01234
Employee_151,1151,1,0,1,1,6,4,0,23.712227333927718,0,20,Software Engineer,Admin,Manager_B,2,Indeed,PIP,2.830949570413716,1,8,1/15/2019,4,MA,1980-01-01,01234
Employee_152,1152,0,0,1,3,2,4,1,55.38091585669968,0,14,Sales,IT,Manager_C,2,Diversity Job Fair,Exceeds,3.310516678004689,3,1,1/15/2019,4,NY,1980-01-01,01234
Employee_153,1153,1,0,0,4,1,3,0,21.619090040989178,1,7,Sales,IT,Manager_A,9,LinkedIn,PIP,3.036572159750806,3,9,1/15/2019,4,CA,1980-01-01,01234
Employee_154,1154,0,2,0,1,4,3,1,37.16297018419037,0,21,Software Engineer,Sales,Manager_B,1,LinkedIn,Fully Meets,3.697466270455914,2,8,1/15/2019,0,TX,1980-01-01,01234
Employee_155,1155,0,1,0,4,3,4,0,48.3012375202925,0,8,Data Analyst,HR,Manager_C,9,Diversity Job Fair,PIP,3.2028898164302277,5,3,1/15/2019,3,CA,1980-01-01,01234
Employee_156,1156,0,0,0,1,2,3,0,36.38148382554883,0,5,HR Manager,Sales,Manager_A,5,LinkedIn,Fully Meets,4.778763878923429,3,6,1/15/2019,4,TX,1980-01-01,01234
Employee_157,1157,1,1,1,4,2,4,0,35.17398501171163,0,25,Software Engineer,Sales,Manager_B,3,LinkedIn,Exceeds,4.123472833220122,5,5,1/15/2019,0,CA,1980-01-01,01234
Employee_158,1158,1,0,0,4,5,1,1,40.25317326299647,0,22,Data Analyst,IT,Manager_C,5,Diversity Job Fair,Exceeds,1.787212791927205,4,0,1/15/2019,4,NY,1980-01-01,01234
Employee_159,1159,1,3,0,1,5,4,0,22.22256278050883,0,25,Data Analyst,Sales,Manager_A,3,LinkedIn,PIP,4.391214588161909,4,9,1/15/2019,4,NY,1980-01-01,01234
Employee_160,1160,0,1,1,1,3,2,1,57.43761148458104,1,3,Sales,Admin,Manager_B,3,Diversity Job Fair,Fully Meets,4.550822508175049,4,7,1/15/2019,1,NY,1980-01-01,01234
Employee_161,1161,1,3,0,4,2,4,0,26.246400887165144,1,26,HR Manager,IT,Manager_C,2,LinkedIn,Fully Meets,1.7061267466739216,5,1,1/15/2019,2,MA,1980-01-01,01234
Employee_162,1162,1,0,0,1,4,2,1,55.265160056275995,0,2,Sales,Admin,Manager_A,6,LinkedIn,Fully Meets,3.2177283949307234,1,6,1/15/2019,4,CA,1980-01-01,01234
Employee_163,1163,1,3,1,4,4,2,0,53.07103890882111,1,11,Sales,Sales,Manager_B,8,Diversity Job Fair,Exceeds,4.4115819570903065,3,7,1/15/2019,3,CA,1980-01-01,01234
Employee_164,1164,0,0,0,4,5,1,1,37.57618019322297,1,29,Data Analyst,Admin,Manager_C,2,LinkedIn,Fully Meets,1.9133083092137628,5,1,1/15/2019,0,CA,1980-01-01,01234
Employee_165,1165,0,2,0,4,5,2,1,20.793402442105346,1,18,Software Engineer,Admin,Manager_A,6,Diversity Job Fair,Fully Meets,2.2248486904764704,5,4,1/15/2019,4,CA,1980-01-01,01234
Employee_166,1166,0,2,1,1,4,3,0,35.80207580028716,0,7,HR Manager,Admin,Manager_B,8,LinkedIn,Exceeds,4.468680305905153,3,9,1/15/2019,0,MA,1980-01-01,01234
Employee_167,1167,0,1,0,4,1,3,1,25.686785975192347,1,27,Data Analyst,Admin,Manager_C,7,Diversity Job Fair,Fully Meets,1.8784386796945163,2,7,1/15/2019,4,MA,1980-01-01,01234
Employee_168,1168,0,1,1,1,5,2,0,39.20414271647157,0,7,Sales,Sales,Manager_A,8,Diversity Job Fair,PIP,3.0382234000648562,1,2,1/15/2019,4,MA,1980-01-01,01234
Employee_169,1169,1,1,1,2,3,1,1,26.73813978535774,0,17,HR Manager,Sales,Manager_B,1,Diversity Job Fair,Exceeds,3.4813506365387297,4,6,1/15/2019,2,NY,1980-01-01,01234
Employee_170,1170,1,0,0,4,6,3,1,33.44486357729171,0,24,Software Engineer,HR,Manager_C,9,Indeed,Fully Meets,2.136981020438243,4,1,1/15/2019,0,MA,1980-01-01,01234
Employee_171,1171,1,3,0,4,2,4,1,32.90204032491714,1,1,Data Analyst,Sales,Manager_A,6,Diversity Job Fair,PIP,3.6992664457301907,5,1,1/15/2019,2,TX,1980-01-01,01234
Employee_172,1172,0,2,0,4,3,2,1,32.37312817907097,0,19,Software Engineer,Sales,Manager_B,2,Diversity Job Fair,Fully Meets,4.362116015368107,3,5,1/15/2019,4,TX,1980-01-01,01234
Employee_173,1173,0,2,0,1,5,4,0,16.457689794737018,0,18,HR Manager,IT,Manager_C,2,Indeed,PIP,4.578956883242888,2,2,1/15/2019,4,MA,1980-01-01,01234
Employee_174,1174,0,0,0,1,1,1,0,36.70106422743322,0,20,HR Manager,IT,Manager_A,5,Diversity Job Fair,Fully Meets,3.132916603822052,4,3,1/15/2019,2,CA,1980-01-01,01234
Employee_175,1175,1,1,1,2,1,1,1,17.324056217093123,0,7,HR Manager,Admin,Manager_B,6,LinkedIn,PIP,2.8564482452354647,4,5,1/15/2019,0,NY,1980-01-01,01234
Employee_176,1176,1,2,1,3,4,4,0,43.93858469370109,0,9,Software Engineer,Admin,Manager_C,6,Indeed,Fully Meets,4.761516459136232,3,8,1/15/2019,0,TX,1980-01-01,01234
Employee_177,1177,0,3,0,3,4,2,1,58.78215575764562,0,24,Data Analyst,IT,Manager_A,4,Diversity Job Fair,PIP,2.495511184461864,4,6,1/15/2019,0,CA,1980-01-01,01234
Employee_178,1178,1,0,1,4,5,3,1,59.273131811450845,0,4,HR Manager,IT,Manager_B,2,LinkedIn,PIP,2.5567429695306143,4,5,1/15/2019,4,CA,1980-01-01,01234
Employee_179,1179,1,0,1,4,4,3,0,29.74619233857091,1,28,Software Engineer,HR,Manager_C,9,Diversity Job Fair,Exceeds,2.037749574686204,1,7,1/15/2019,0,CA,1980-01-01,01234
Employee_180,1180,1,0,1,1,3,1,1,38.08259351284988,0,13,Data Analyst,Sales,Manager_A,9,Indeed,Exceeds,1.937772223386633,4,2,1/15/2019,1,NY,1980-01-01,01234
Employee_181,1181,0,2,0,2,1,2,1,31.301575118013268,0,5,Sales,Admin,Manager_B,4,Diversity Job Fair,Fully Meets,2.7605351289847464,2,0,1/15/2019,3,TX,1980-01-01,01234
Employee_182,1182,0,0,0,4,4,4,0,45.24048816693557,0,25,Software Engineer,IT,Manager_C,8,Diversity Job Fair,Exceeds,3.624075801407209,3,5,1/15/2019,3,TX,1980-01-01,01234
Employee_183,1183,1,2,0,2,4,3,0,22.551033931872894,1,18,Sales,Admin,Manager_A,9,LinkedIn,Fully Meets,1.4547877434062793,2,5,1/15/2019,2,NY,1980-01-01,01234
Employee_184,1184,1,1,0,2,5,4,0,23.79887765201555,0,22,Sales,HR,Manager_B,1,LinkedIn,PIP,2.509045469090417,3,0,1/15/2019,2,CA,1980-01-01,01234
Employee_185,1185,1,0,0,1,1,2,0,41.51655871131304,1,15,HR Manager,HR,Manager_C,8,Indeed,Exceeds,4.883720010221061,5,0,1/15/2019,4,MA,1980-01-01,01234
Employee_186,1186,0,3,0,2,6,2,1,59.35732933973963,0,8,Software Engineer,IT,Manager_A,1,LinkedIn,Exceeds,1.9867394658806203,2,0,1/15/2019,4,TX,1980-01-01,01234
Employee_187,1187,0,2,0,3,1,2,0,54.517816743791116,1,18,Data Analyst,Admin,Manager_B,5,Diversity Job Fair,PIP,4.300260587884669,4,2,1/15/2019,3,MA,1980-01-01,01234
Employee_188,1188,0,1,0,4,4,2,1,17.86900355954375,0,11,Data Analyst,HR,Manager_C,2,Diversity Job Fair,Exceeds,3.9050618602158496,4,3,1/15/2019,3,MA,1980-01-01,01234
Employee_189,1189,0,2,1,4,3,1,0,17.23888341134375,0,26,HR Manager,IT,Manager_A,2,Diversity Job Fair,Exceeds,3.771339852272792,1,5,1/15/2019,1,TX,1980-01-01,01234
Employee_190,1190,1,2,1,4,4,2,1,26.435208984639146,0,29,HR Manager,IT,Manager_B,6,Indeed,Fully Meets,4.059106552714727,4,3,1/15/2019,1,NY,1980-01-01,01234
Employee_191,1191,1,3,0,1,6,3,0,33.95419746366436,0,1,Sales,IT,Manager_C,3,LinkedIn,PIP,1.403166064866495,5,5,1/15/2019,0,NY,1980-01-01,01234
Employee_192,1192,1,1,0,4,6,4,0,42.93491709000843,0,28,HR Manager,Admin,Manager_A,5,Diversity Job Fair,Fully Meets,3.9452076646144922,1,3,1/15/2019,3,CA,1980-01-01,01234
Employee_193,1193,0,1,1,4,3,1,0,18.354547116117224,0,11,Sales,Admin,Manager_B,1,Diversity Job Fair,Exceeds,1.1945730679934137,4,7,1/15/2019,4,MA,1980-01-01,01234
Employee_194,1194,1,1,1,1,5,1,0,29.716584643379512,1,3,HR Manager,Sales,Manager_C,6,Indeed,PIP,1.4664219411283983,5,2,1/15/2019,1,CA,1980-01-01,01234
Employee_195,1195,0,0,0,2,4,1,1,23.261545679524467,0,17,Sales,Admin,Manager_A,7,Indeed,Fully Meets,4.502403417588098,2,0,1/15/2019,1,CA,1980-01-01,01234
Employee_196,1196,1,3,0,1,4,1,0,30.44982236314162,0,2,HR Manager,Sales,Manager_B,1,Indeed,Fully Meets,4.110067276736526,4,2,1/15/2019,3,MA,1980-01-01,01234
Employee_197,1197,0,0,0,3,4,1,1,47.93247119623697,0,7,HR Manager,HR,Manager_C,2,Indeed,Fully Meets,2.7415332427682,2,6,1/15/2019,4,NY,1980-01-01,01234
Employee_198,1198,1,0,0,1,3,3,1,22.595914923968852,0,27,Software Engineer,HR,Manager_A,7,Indeed,Fully Meets,2.9710554829762432,3,2,1/15/2019,3,CA,1980-01-01,01234
Employee_199,1199,0,0,0,4,5,3,1,28.204914469641963,1,7,Software Engineer,IT,Manager_B,6,Indeed,Exceeds,4.910748409067571,5,4,1/15/2019,4,TX,1980-01-01,01234
Employee_200,1200,1,0,1,1,3,4,1,44.33656826293475,0,3,Data Analyst,HR,Manager_C,8,Diversity Job Fair,Exceeds,3.6885377861685384,2,1,1/15/2019,0,TX,1980-01-01,01234
Employee_201,1201,1,3,1,1,3,1,1,25.54026140517263,0,16,Data Analyst,IT,Manager_A,9,Diversity Job Fair,PIP,3.8139621216072914,1,2,1/15/2019,4,NY,1980-01-01,01234
Employee_202,1202,0,2,1,1,2,3,1,33.56542498062441,1,15,Data Analyst,Sales,Manager_B,6,LinkedIn,Exceeds,4.246941515905203,2,8,1/15/2019,2,NY,1980-01-01,01234
Employee_203,1203,1,3,1,2,2,4,1,35.973690720836,1,7,Data Analyst,Sales,Manager_C,2,Indeed,Exceeds,3.3374293637323036,3,4,1/15/2019,4,NY,1980-01-01,01234
Employee_204,1204,0,2,0,1,1,1,0,37.686484900835666,0,28,Sales,Admin,Manager_A,2,LinkedIn,PIP,3.569631357967461,4,2,1/15/2019,3,MA,1980-01-01,01234
Employee_205,1205,0,1,1,4,4,3,0,28.011948116525943,0,27,Data Analyst,Admin,Manager_B,1,Diversity Job Fair,Exceeds,3.67031107956459,5,7,1/15/2019,3,CA,1980-01-01,01234
Employee_206,1206,0,2,0,1,6,1,0,56.80260437662139,0,4,Software Engineer,Admin,Manager_C,9,Indeed,PIP,1.7446723025931368,1,7,1/15/2019,2,CA,1980-01-01,01234
Employee_207,1207,0,3,0,1,6,3,1,16.64922061868128,0,2,Data Analyst,HR,Manager_A,2,LinkedIn,Fully Meets,2.5511554409681856,5,5,1/15/2019,2,MA,1980-01-01,01234
Employee_208,1208,1,1,1,3,2,4,1,40.18744410621545,0,23,Data Analyst,Sales,Manager_B,9,LinkedIn,Fully Meets,4.421370464039258,2,5,1/15/2019,2,NY,1980-01-01,01234
Employee_209,1209,0,1,0,1,3,1,1,57.10082779921792,0,12,Software Engineer,Sales,Manager_C,1,Diversity Job Fair,Fully Meets,1.6453263263652076,3,2,1/15/2019,4,TX,1980-01-01,01234
Employee_210,1210,0,0,0,4,5,3,1,24.09921946869466,1,5,Data Analyst,Admin,Manager_A,3,Diversity Job Fair,PIP,2.0811512808244337,1,0,1/15/2019,2,CA,1980-01-01,01234
Employee_211,1211,1,1,0,1,3,4,1,18.597545080886217,0,10,Sales,Admin,Manager_B,4,Diversity Job Fair,Fully Meets,4.7005652436622505,4,3,1/15/2019,2,CA,1980-01-01,01234
Employee_212,1212,0,3,0,3,5,2,0,19.849919060244975,0,4,Data Analyst,IT,Manager_C,3,Diversity Job Fair,Exceeds,1.387654255209326,2,4,1/15/2019,3,NY,1980-01-01,01234
Employee_213,1213,0,0,1,3,3,3,0,41.60936004823647,0,4,Software Engineer,IT,Manager_A,1,Diversity Job Fair,Exceeds,3.7647236887746374,4,4,1/15/2019,3,CA,1980-01-01,01234
Employee_214,1214,0,3,0,1,2,2,1,16.383316362858594,0,8,Software Engineer,IT,Manager_B,9,Diversity Job Fair,PIP,3.8339904861022522,4,2,1/15/2019,3,TX,1980-01-01,01234
Employee_215,1215,0,0,1,3,1,4,0,50.698992692507055,0,29,Data Analyst,IT,Manager_C,8,LinkedIn,Fully Meets,4.075850543587163,1,9,1/15/2019,2,TX,1980-01-01,01234
Employee_216,1216,0,0,1,3,6,2,0,35.075767542160435,1,6,HR Manager,IT,Manager_A,7,LinkedIn,Exceeds,3.986205927735815,5,0,1/15/2019,4,CA,1980-01-01,01234
Employee_217,1217,1,3,0,2,1,2,0,37.50283903976752,0,6,Sales,IT,Manager_B,5,LinkedIn,PIP,2.4294615263058987,5,0,1/15/2019,4,CA,1980-01-01,01234
Employee_218,1218,0,0,0,4,5,1,0,30.035976451063064,0,25,Software Engineer,Admin,Manager_C,9,Diversity Job Fair,Fully Meets,2.5679233164422524,1,8,1/15/2019,1,NY,1980-01-01,01234
Employee_219,1219,0,3,1,3,3,2,1,22.128496068165806,0,25,Data Analyst,Sales,Manager_A,1,LinkedIn,Exceeds,4.209422888229195,1,1,1/15/2019,2,NY,1980-01-01,01234
Employee_220,1220,0,2,1,4,5,4,1,18.186327365230902,1,5,Data Analyst,IT,Manager_B,3,Diversity Job Fair,Fully Meets,3.4941842878858975,1,8,1/15/2019,2,CA,1980-01-01,01234
Employee_221,1221,1,2,1,3,5,1,1,51.15326159063788,1,26,Data Analyst,Sales,Manager_C,7,Diversity Job Fair,Fully Meets,2.99695337732415,4,5,1/15/2019,3,MA,1980-01-01,01234
Employee_222,1222,0,0,1,2,6,4,1,56.886304377293015,1,18,HR Manager,HR,Manager_A,9,Indeed,Fully Meets,3.571038987228943,1,1,1/15/2019,0,MA,1980-01-01,01234
Employee_223,1223,0,2,1,3,5,4,1,19.520497697829768,1,24,Sales,IT,Manager_B,3,Diversity Job Fair,PIP,2.1966294353989486,2,9,1/15/2019,4,NY,1980-01-01,01234
Employee_224,1224,0,2,1,1,2,4,1,52.310988798402974,0,29,Data Analyst,Sales,Manager_C,6,LinkedIn,PIP,1.8213105138264796,3,5,1/15/2019,3,CA,1980-01-01,01234
Employee_225,1225,0,2,0,2,3,2,0,31.813712110776663,0,10,HR Manager,Sales,Manager_A,7,Indeed,Exceeds,4.293798686835874,2,6,1/15/2019,3,MA,1980-01-01,01234
Employee_226,1226,1,1,0,1,1,3,0,17.71943284451013,1,2,HR Manager,HR,Manager_B,8,LinkedIn,Fully Meets,2.700863090063659,2,2,1/15/2019,3,TX,1980-01-01,01234
Employee_227,1227,1,3,1,1,2,1,0,16.27793417210938,0,14,Sales,Admin,Manager_C,9,Diversity Job Fair,PIP,4.849654036097766,3,6,1/15/2019,0,MA,1980-01-01,01234
Employee_228,1228,0,1,1,3,1,1,1,57.53035169503355,1,18,Sales,IT,Manager_A,1,Diversity Job Fair,Fully Meets,4.526047848580933,4,9,1/15/2019,3,TX,1980-01-01,01234
Employee_229,1229,0,3,1,4,5,1,1,35.5050443339681,0,27,Data Analyst,Admin,Manager_B,8,LinkedIn,Exceeds,1.231194878228938,4,2,1/15/2019,2,CA,1980-01-01,01234
Employee_230,1230,0,3,1,3,5,4,0,40.98726642829828,0,15,HR Manager,IT,Manager_C,5,Diversity Job Fair,Fully Meets,2.39415519765498,3,8,1/15/2019,0,TX,1980-01-01,01234
Employee_231,1231,1,3,1,1,4,1,1,27.317372252311596,1,21,Sales,HR,Manager_A,3,Indeed,Fully Meets,4.015727792377703,2,8,1/15/2019,2,TX,1980-01-01,01234
Employee_232,1232,0,2,1,4,6,2,0,31.22103535620583,0,10,HR Manager,Sales,Manager_B,1,Indeed,PIP,1.5953421224693565,2,6,1/15/2019,4,NY,1980-01-01,01234
Employee_233,1233,0,1,1,3,4,4,0,48.060846367876344,1,15,Sales,HR,Manager_C,9,Diversity Job Fair,Exceeds,3.053190352400752,5,7,1/15/2019,2,TX,1980-01-01,01234
Employee_234,1234,0,0,0,2,1,2,1,47.922505054627095,0,1,Software Engineer,Admin,Manager_A,1,Diversity Job Fair,PIP,1.1624918529314838,2,3,1/15/2019,2,CA,1980-01-01,01234
Employee_235,1235,0,1,0,3,3,4,1,49.09370932225003,1,23,Data Analyst,IT,Manager_B,6,Indeed,PIP,2.2516455659078263,2,8,1/15/2019,3,NY,1980-01-01,01234
Employee_236,1236,1,0,1,1,2,1,0,28.872879378286665,0,11,Software Engineer,Admin,Manager_C,8,LinkedIn,Fully Meets,4.73494424816528,3,1,1/15/2019,1,CA,1980-01-01,01234
Employee_237,1237,1,2,1,1,5,2,0,39.28086239452189,1,4,Sales,IT,Manager_A,5,Indeed,Fully Meets,1.6659986285806272,5,7,1/15/2019,4,CA,1980-01-01,01234
Employee_238,1238,0,2,0,2,3,2,0,34.00893855683432,0,16,HR Manager,HR,Manager_B,6,LinkedIn,Exceeds,4.65727360237633,2,0,1/15/2019,2,MA,1980-01-01,01234
Employee_239,1239,1,1,0,4,2,1,0,47.234650352988616,0,27,HR Manager,Sales,Manager_C,8,LinkedIn,PIP,1.5035381621952917,3,6,1/15/2019,3,MA,1980-01-01,01234
Employee_240,1240,0,2,0,2,2,1,0,17.770143235813432,0,15,HR Manager,Sales,Manager_A,5,LinkedIn,Exceeds,3.6632372970981275,1,6,1/15/2019,3,MA,1980-01-01,01234
Employee_241,1241,1,3,0,1,2,3,0,22.386309552955723,1,9,HR Manager,HR,Manager_B,6,LinkedIn,Exceeds,1.5904662354614074,3,0,1/15/2019,0,TX,1980-01-01,01234
Employee_242,1242,1,1,1,1,1,1,1,57.14499317248805,0,20,Sales,Admin,Manager_C,5,Indeed,PIP,4.052955853897009,2,0,1/15/2019,4,CA,1980-01-01,01234
Employee_243,1243,1,1,0,2,3,4,1,42.72082013398219,1,27,HR Manager,HR,Manager_A,1,Diversity Job Fair,PIP,1.257843941000616,4,1,1/15/2019,2,CA,1980-01-01,01234
Employee_244,1244,0,3,1,4,2,3,1,43.31059503666444,1,28,HR Manager,HR,Manager_B,2,LinkedIn,Fully Meets,4.796778908746976,2,4,1/15/2019,4,NY,1980-01-01,01234
Employee_245,1245,1,1,0,2,4,3,0,39.49639227911554,0,19,Software Engineer,HR,Manager_C,2,LinkedIn,Exceeds,2.251673553019982,2,4,1/15/2019,1,TX,1980-01-01,01234
Employee_246,1246,0,0,1,1,5,3,0,43.00694552474093,1,29,Data Analyst,Admin,Manager_A,9,Indeed,PIP,3.3325246226593213,3,2,1/15/2019,4,MA,1980-01-01,01234
Employee_247,1247,0,0,1,1,4,1,1,19.198054253115302,0,29,Sales,Sales,Manager_B,2,LinkedIn,Fully Meets,2.4876327393928337,1,3,1/15/2019,1,MA,1980-01-01,01234
Employee_248,1248,1,1,1,2,3,3,0,27.479272296618305,0,4,HR Manager,Admin,Manager_C,7,Diversity Job Fair,PIP,1.4188940607580331,3,6,1/15/2019,4,TX,1980-01-01,01234
Employee_249,1249,0,1,0,1,3,2,1,43.46154062794443,1,17,Data Analyst,HR,Manager_A,1,LinkedIn,Fully Meets,3.0313391341604166,3,5,1/15/2019,1,CA,1980-01-01,01234
Employee_250,1250,0,1,0,1,3,2,0,45.01527775282635,1,22,Software Engineer,Sales,Manager_B,5,Diversity Job Fair,Fully Meets,2.087093849279877,3,6,1/15/2019,4,MA,1980-01-01,01234
Employee_251,1251,1,2,1,3,3,1,1,38.85269102861181,0,19,Software Engineer,IT,Manager_C,1,Diversity Job Fair,Fully Meets,4.292031874625726,2,6,1/15/2019,0,NY,1980-01-01,01234
Employee_252,1252,1,1,0,3,6,1,1,57.88860288581387,0,24,Software Engineer,Sales,Manager_A,7,LinkedIn,PIP,3.992915649345182,2,1,1/15/2019,4,MA,1980-01-01,01234
Employee_253,1253,1,1,0,2,6,1,0,44.38650508639745,0,26,Software Engineer,HR,Manager_B,6,LinkedIn,Fully Meets,2.336516978959487,2,7,1/15/2019,0,MA,1980-01-01,01234
Employee_254,1254,0,1,1,4,2,1,0,32.57197929650971,0,5,Software Engineer,Sales,Manager_C,7,Indeed,Exceeds,3.4535029287284287,1,8,1/15/2019,3,CA,1980-01-01,01234
Employee_255,1255,1,2,0,3,6,4,1,25.339655382209948,0,10,Data Analyst,Admin,Manager_A,6,Diversity Job Fair,PIP,3.9511109845148358,5,9,1/15/2019,2,TX,1980-01-01,01234
Employee_256,1256,0,0,1,1,2,3,1,49.872403168359156,1,11,Data Analyst,Sales,Manager_B,4,Diversity Job Fair,Fully Meets,3.8806434606402638,4,6,1/15/2019,1,NY,1980-01-01,01234
Employee_257,1257,0,3,0,2,3,3,0,56.703270811566966,0,14,Data Analyst,Sales,Manager_C,7,Indeed,Exceeds,3.6162312115826687,2,9,1/15/2019,1,NY,1980-01-01,01234
Employee_258,1258,0,2,1,4,4,3,0,18.769948230210012,1,23,HR Manager,Sales,Manager_A,5,Indeed,Exceeds,1.3168313462045664,4,2,1/15/2019,0,NY,1980-01-01,01234
Employee_259,1259,1,1,1,3,4,3,0,57.941074084396796,0,7,Sales,Admin,Manager_B,6,LinkedIn,Exceeds,3.3718115097260446,5,0,1/15/2019,0,CA,1980-01-01,01234
Employee_260,1260,0,2,0,4,3,1,0,56.947590914585376,0,22,Sales,HR,Manager_C,4,Indeed,Exceeds,3.2418596580965233,3,9,1/15/2019,0,CA,1980-01-01,01234
Employee_261,1261,0,3,1,4,1,1,1,57.04217764797325,0,14,Data Analyst,IT,Manager_A,9,Diversity Job Fair,PIP,4.851164245614761,3,4,1/15/2019,3,NY,1980-01-01,01234
Employee_262,1262,0,3,0,4,1,2,0,54.86046509607799,1,27,Software Engineer,Sales,Manager_B,1,Indeed,Exceeds,4.963291776373829,3,0,1/15/2019,4,CA,1980-01-01,01234
Employee_263,1263,0,2,1,1,4,2,0,51.76052741908833,0,11,Data Analyst,Sales,Manager_C,6,LinkedIn,Exceeds,2.6622091897739506,3,6,1/15/2019,3,CA,1980-01-01,01234
Employee_264,1264,0,0,0,4,1,4,1,34.60814413626362,0,25,Software Engineer,IT,Manager_A,4,Diversity Job Fair,Fully Meets,2.079908294833862,1,9,1/15/2019,4,MA,1980-01-01,01234
Employee_265,1265,1,1,1,2,1,1,1,32.16002684173344,1,14,HR Manager,HR,Manager_B,9,LinkedIn,Fully Meets,4.015252337846929,3,9,1/15/2019,1,NY,1980-01-01,01234
Employee_266,1266,1,2,0,2,2,3,0,54.526936003623554,0,18,HR Manager,HR,Manager_C,9,LinkedIn,Exceeds,3.9600734739332424,4,1,1/15/2019,3,CA,1980-01-01,01234
Employee_267,1267,0,1,0,1,1,4,1,55.95753585691382,1,22,Data Analyst,Admin,Manager_A,2,Indeed,Fully Meets,3.1035911694152203,3,8,1/15/2019,0,MA,1980-01-01,01234
Employee_268,1268,1,2,0,4,3,4,0,45.115579728020464,0,3,HR Manager,HR,Manager_B,2,Diversity Job Fair,Exceeds,3.5304738367203026,5,9,1/15/2019,2,MA,1980-01-01,01234
Employee_269,1269,1,2,1,3,3,2,1,54.211346845273646,1,29,HR Manager,Admin,Manager_C,9,Diversity Job Fair,PIP,1.717870150500966,5,0,1/15/2019,3,MA,1980-01-01,01234
Employee_270,1270,1,1,0,4,4,1,1,39.37434762765368,0,20,HR Manager,Sales,Manager_A,3,Indeed,Fully Meets,1.1383247402780898,2,5,1/15/2019,1,MA,1980-01-01,01234
Employee_271,1271,1,0,1,3,4,1,1,17.845642889315297,1,12,HR Manager,Admin,Manager_B,7,Indeed,Fully Meets,3.4284925531198636,4,4,1/15/2019,4,TX,1980-01-01,01234
Employee_272,1272,1,3,1,2,1,2,1,55.007930004013524,1,29,HR Manager,IT,Manager_C,4,Indeed,Fully Meets,2.868216196843564,4,3,1/15/2019,4,MA,1980-01-01,01234
Employee_273,1273,1,3,1,2,4,1,1,43.91900900089144,1,19,Software Engineer,HR,Manager_A,7,Indeed,PIP,1.5218054629142697,1,3,1/15/2019,4,MA,1980-01-01,01234
Employee_274,1274,1,0,0,4,4,4,0,57.247764701885906,0,12,Sales,Admin,Manager_B,3,LinkedIn,PIP,1.951322798739683,2,8,1/15/2019,2,CA,1980-01-01,01234
Employee_275,1275,1,2,1,1,6,1,1,15.80419936813821,0,5,Data Analyst,Admin,Manager_C,3,Diversity Job Fair,PIP,2.422792124464855,1,7,1/15/2019,3,NY,1980-01-01,01234
Employee_276,1276,0,0,0,4,4,2,1,42.47898283162206,0,12,Sales,IT,Manager_A,9,Indeed,Fully Meets,3.0669124894378967,1,6,1/15/2019,4,TX,1980-01-01,01234
Employee_277,1277,1,0,0,3,3,2,0,34.9364800046205,0,13,HR Manager,Admin,Manager_B,8,Indeed,PIP,2.92900481336655,1,6,1/15/2019,4,MA,1980-01-01,01234
Employee_278,1278,1,2,1,3,3,1,0,17.443868846847085,0,14,Data Analyst,IT,Manager_C,3,Indeed,PIP,2.2502422434484166,2,1,1/15/2019,4,TX,1980-01-01,01234
Employee_279,1279,1,3,0,2,3,1,0,53.80774943565849,0,13,Sales,Sales,Manager_A,7,Indeed,Fully Meets,3.2354893356528973,2,4,1/15/2019,0,MA,1980-01-01,01234
Employee_280,1280,1,0,1,2,1,2,0,24.100432693866452,0,4,Sales,IT,Manager_B,5,Indeed,PIP,3.92685790903141,5,8,1/15/2019,0,CA,1980-01-01,01234
Employee_281,1281,0,2,0,2,3,4,1,28.979143050208748,0,20,Data Analyst,Sales,Manager_C,7,Diversity Job Fair,Exceeds,3.190022865086939,1,1,1/15/2019,3,TX,1980-01-01,01234
Employee_282,1282,1,3,1,1,5,1,0,48.80470857099197,1,10,Data Analyst,Sales,Manager_A,7,Indeed,Fully Meets,1.1705536013742202,1,3,1/15/2019,1,MA,1980-01-01,01234
Employee_283,1283,1,3,1,1,3,3,0,28.402050554728092,0,24,HR Manager,IT,Manager_B,9,Diversity Job Fair,PIP,1.1930168022432825,2,9,1/15/2019,0,TX,1980-01-01,01234
Employee_284,1284,1,1,0,3,2,4,1,24.872642991754894,0,11,HR Manager,Sales,Manager_C,4,Indeed,Fully Meets,1.2066616626964692,5,2,1/15/2019,4,MA,1980-01-01,01234
Employee_285,1285,0,2,0,3,5,4,0,27.549774054718213,0,14,Software Engineer,Sales,Manager_A,2,Diversity Job Fair,Fully Meets,1.1232129366423709,4,8,1/15/2019,3,MA,1980-01-01,01234
Employee_286,1286,0,2,0,1,3,4,0,26.400929435868584,0,9,HR Manager,Admin,Manager_B,8,Indeed,Fully Meets,1.9878699780441886,1,5,1/15/2019,3,CA,1980-01-01,01234
Employee_287,1287,1,1,1,3,6,4,1,52.60010970146381,0,5,Software Engineer,Sales,Manager_C,4,Indeed,PIP,3.2993403111319415,3,0,1/15/2019,1,MA,1980-01-01,01234
Employee_288,1288,1,1,1,1,3,3,0,26.985326046075173,1,17,Sales,IT,Manager_A,9,LinkedIn,Fully Meets,2.8788458745880283,2,4,1/15/2019,3,CA,1980-01-01,01234
Employee_289,1289,1,2,1,3,4,4,1,40.70196346280652,1,16,HR Manager,Admin,Manager_B,6,LinkedIn,Exceeds,3.3445057121167663,1,3,1/15/2019,3,MA,1980-01-01,01234
Employee_290,1290,1,2,1,3,1,1,0,32.02378586097932,1,27,Sales,IT,Manager_C,3,Indeed,PIP,1.550813552476391,1,2,1/15/2019,4,MA,1980-01-01,01234
Employee_291,1291,0,1,1,1,4,1,1,24.332733628263657,0,21,Data Analyst,IT,Manager_A,2,Indeed,Exceeds,3.64730082477258,1,3,1/15/2019,4,MA,1980-01-01,01234
Employee_292,1292,1,0,1,3,3,4,0,31.842947813537673,0,10,Sales,HR,Manager_B,7,LinkedIn,Fully Meets,1.5946019548664148,4,4,1/15/2019,1,MA,1980-01-01,01234
Employee_293,1293,0,2,0,1,1,3,0,15.297634057576905,1,14,Sales,Sales,Manager_C,5,LinkedIn,PIP,4.2569806095590845,4,4,1/15/2019,4,TX,1980-01-01,01234
Employee_294,1294,1,0,0,4,6,4,1,33.869739927887366,0,22,Data Analyst,HR,Manager_A,7,Indeed,Fully Meets,3.3171246732486783,3,4,1/15/2019,3,NY,1980-01-01,01234
Employee_295,1295,1,2,0,1,6,3,1,49.33221960152217,0,17,Sales,IT,Manager_B,4,LinkedIn,Fully Meets,3.0419685668272503,5,1,1/15/2019,0,MA,1980-01-01,01234
Employee_296,1296,0,1,0,1,6,3,0,55.3481400942005,1,22,Sales,HR,Manager_C,1,Diversity Job Fair,Fully Meets,3.4981038947455065,5,6,1/15/2019,1,MA,1980-01-01,01234
Employee_297,1297,0,2,0,1,3,1,0,52.501100384722356,0,14,Data Analyst,Admin,Manager_A,4,LinkedIn,PIP,2.099231765649052,3,3,1/15/2019,4,MA,1980-01-01,01234
Employee_298,1298,1,1,1,2,6,1,1,15.006541398727439,0,18,Software Engineer,Admin,Manager_B,3,Indeed,Exceeds,3.361712758781689,1,7,1/15/2019,4,CA,1980-01-01,01234
Employee_299,1299,1,1,0,3,2,4,0,27.250576315056165,0,4,Sales,HR,Manager_C,2,Diversity Job Fair,PIP,1.2736413216183236,5,9,1/15/2019,2,MA,1980-01-01,01234
Employee_300,1300,0,1,1,3,6,2,0,36.1701430130999,0,20,Software Engineer,IT,Manager_A,3,Indeed,PIP,3.4890385748102117,4,6,1/15/2019,4,TX,1980-01-01,01234
Employee_301,1301,0,0,0,3,6,4,0,48.82313214190162,0,23,Sales,HR,Manager_B,8,LinkedIn,Exceeds,4.389249646187949,1,5,1/15/2019,0,NY,1980-01-01,01234
Employee_302,1302,0,3,0,1,3,3,1,49.33726322560077,0,15,Data Analyst,HR,Manager_C,9,LinkedIn,Fully Meets,4.555544596194031,5,5,1/15/2019,4,MA,1980-01-01,01234
Employee_303,1303,1,1,0,1,5,2,0,29.943733204492204,0,6,Software Engineer,Admin,Manager_A,3,Indeed,Exceeds,1.8651015302054579,4,7,1/15/2019,3,CA,1980-01-01,01234
Employee_304,1304,0,1,1,2,4,4,1,41.391511182338704,0,8,Software Engineer,Sales,Manager_B,8,LinkedIn,Exceeds,2.0691841726343547,3,2,1/15/2019,4,TX,1980-01-01,01234
Employee_305,1305,1,3,0,2,6,2,0,19.296450993892332,0,9,Data Analyst,IT,Manager_C,1,Diversity Job Fair,PIP,2.9908026543226476,3,2,1/15/2019,3,MA,1980-01-01,01234
Employee_306,1306,1,1,0,3,1,1,1,46.46184929611604,0,22,Software Engineer,HR,Manager_A,6,Indeed,Exceeds,4.126332201854792,1,9,1/15/2019,3,MA,1980-01-01,01234
Employee_307,1307,0,1,1,3,2,3,1,26.165935119766097,1,4,HR Manager,HR,Manager_B,8,Indeed,Fully Meets,4.024852690064545,2,0,1/15/2019,0,CA,1980-01-01,01234
Employee_308,1308,0,0,0,1,5,3,1,27.041539767406082,0,1,Data Analyst,Admin,Manager_C,7,LinkedIn,Exceeds,1.5128012177821906,2,9,1/15/2019,1,NY,1980-01-01,01234
Employee_309,1309,1,2,0,3,4,4,0,43.95186726997195,1,24,Data Analyst,IT,Manager_A,5,Diversity Job Fair,Fully Meets,4.989241279510919,5,4,1/15/2019,4,TX,1980-01-01,01234
